seat_num,Area,Points
1390,207076.5,"[(180, 412), (188, 431), (222, 449), (226, 468), (301, 473), (304, 484), (345, 488), (365, 562), (360, 599), (826, 623), (1061, 507), (1134, 461), (1162, 434), (1209, 394), (1209, 364), (1190, 352), (1171, 348), (1001, 356), (892, 344), (789, 331), (691, 329), (658, 312)]"
1409,251342.0,"[(97, 334), (110, 406), (177, 498), (247, 564), (309, 623), (388, 676), (411, 668), (427, 637), (467, 635), (473, 625), (1020, 647), (1011, 590), (1040, 527), (1038, 514), (1081, 518), (1089, 469), (1101, 455), (659, 313), (346, 331)]"
1569,206998.0,"[(337, 391), (164, 473), (107, 496), (18, 517), (13, 588), (224, 600), (455, 613), (666, 615), (806, 610), (933, 611), (976, 608), (990, 597), (1024, 594), (1201, 595), (1210, 593), (1207, 527), (1116, 510), (1040, 463), (917, 395)]"
957,76947.5,"[(423, 511), (264, 522), (167, 529), (91, 532), (10, 540), (8, 553), (133, 566), (309, 585), (410, 589), (570, 607), (716, 603), (856, 610), (976, 610), (1049, 614), (1164, 618), (1201, 618), (1201, 592), (1110, 575), (1071, 570), (950, 537), (912, 526)]"
201,110023.5,"[(155, 496), (136, 524), (116, 552), (38, 582), (14, 584), (14, 626), (135, 616), (272, 610), (627, 594), (780, 588), (927, 574), (1033, 567), (1141, 552), (1203, 543), (1206, 515), (927, 501), (809, 489), (730, 472)]"
177,101723.0,"[(157, 542), (103, 603), (7, 624), (12, 660), (317, 648), (452, 641), (687, 634), (838, 621), (987, 607), (1083, 598), (1164, 585), (1200, 582), (1202, 564), (1112, 554), (1011, 550), (763, 526), (716, 524)]"
2471,254894.5,"[(44, 508), (421, 575), (717, 631), (975, 678), (1106, 704), (1199, 719), (1200, 516), (1138, 479), (1069, 433), (1005, 402), (927, 363), (891, 341), (863, 328), (831, 326), (736, 344), (657, 351), (520, 363), (437, 365), (324, 374), (314, 371)]"
1813,197250.0,"[(227, 422), (241, 439), (221, 543), (358, 557), (494, 575), (620, 582), (810, 596), (878, 593), (938, 605), (1059, 548), (1097, 515), (1136, 485), (1173, 456), (1193, 430), (1214, 417), (1212, 400), (1178, 369), (996, 378), (906, 361), (838, 351), (713, 315), (680, 310)]"
2498,225089.0,"[(202, 384), (56, 574), (226, 583), (376, 600), (565, 599), (688, 609), (895, 621), (999, 621), (1074, 632), (1137, 634), (1197, 634), (1196, 581), (1105, 525), (1018, 477), (936, 428), (901, 406), (854, 385), (806, 367), (707, 326), (684, 318), (651, 310), (593, 345)]"
2103,223935.5,"[(483, 314), (335, 365), (270, 391), (211, 409), (169, 415), (122, 428), (104, 430), (30, 442), (19, 437), (9, 486), (109, 531), (186, 553), (342, 604), (477, 634), (533, 652), (740, 606), (900, 575), (969, 559), (1061, 531), (1096, 524), (1086, 493), (1061, 411)]"
1436,209965.5,"[(239, 441), (115, 512), (45, 555), (8, 569), (7, 663), (226, 660), (365, 656), (567, 641), (730, 629), (915, 611), (1076, 599), (1156, 588), (1204, 581), (1204, 520), (1192, 513), (1092, 504), (1062, 496), (941, 456), (879, 440), (813, 413)]"
1595,201642.0,"[(385, 376), (301, 397), (200, 427), (143, 442), (79, 459), (63, 468), (37, 486), (17, 478), (16, 537), (254, 570), (450, 589), (624, 596), (786, 608), (994, 619), (1159, 624), (1211, 621), (1211, 547), (1109, 510), (1068, 487), (1036, 466), (1002, 446), (966, 427), (942, 408)]"
2261,211458.5,"[(641, 384), (594, 374), (478, 407), (344, 447), (234, 482), (110, 528), (8, 571), (8, 616), (285, 624), (513, 637), (788, 649), (1061, 657), (1197, 664), (1113, 544), (1059, 470), (1052, 453), (839, 439), (675, 404)]"
2507,274196.0,"[(339, 370), (82, 514), (315, 570), (487, 614), (667, 664), (817, 698), (969, 743), (1083, 774), (1146, 790), (1191, 788), (1193, 577), (1129, 512), (1072, 462), (1009, 412), (949, 375), (913, 351), (828, 361), (587, 381)]"
2249,303622.0,"[(780, 382), (543, 415), (435, 436), (342, 455), (251, 473), (186, 490), (12, 535), (146, 568), (319, 624), (532, 689), (648, 728), (816, 776), (895, 799), (1200, 799), (1205, 485), (946, 437), (839, 389)]"
1225,114622.5,"[(13, 555), (15, 576), (277, 614), (439, 632), (821, 665), (998, 675), (1204, 686), (1208, 645), (1125, 622), (1117, 611), (1101, 561), (1101, 554), (521, 522)]"
2089,236179.5,"[(16, 445), (14, 500), (205, 565), (432, 621), (590, 652), (662, 666), (1106, 539), (1048, 396), (471, 322), (339, 371), (174, 427)]"
410,85008.5,"[(292, 525), (185, 557), (101, 578), (33, 582), (13, 591), (16, 614), (279, 617), (416, 616), (795, 606), (937, 602), (1131, 592), (1209, 585), (1212, 564), (1024, 551), (927, 539), (798, 510)]"
1194,101793.0,"[(501, 490), (367, 501), (212, 507), (126, 509), (22, 510), (15, 534), (300, 576), (663, 612), (1004, 644), (1209, 662), (1213, 621), (1099, 589), (1087, 579), (1071, 557), (1060, 543), (1055, 535)]"
170,117778.5,"[(113, 543), (117, 602), (77, 619), (47, 636), (19, 640), (18, 686), (210, 675), (360, 666), (587, 654), (715, 641), (936, 620), (1018, 610), (1128, 593), (1209, 585), (1211, 559), (1088, 548), (820, 543), (686, 524)]"
1382,214099.0,"[(152, 461), (169, 476), (207, 483), (229, 546), (228, 577), (754, 575), (767, 594), (799, 596), (814, 600), (908, 623), (1102, 477), (1118, 443), (1152, 397), (1165, 332), (1132, 332), (1107, 329), (1064, 326), (898, 327), (763, 316), (673, 306), (573, 310)]"
1221,110259.5,"[(16, 525), (20, 545), (210, 578), (343, 593), (548, 617), (795, 639), (968, 650), (1207, 660), (1206, 630), (1159, 613), (1120, 601), (1087, 584), (1079, 568), (1062, 550), (1057, 539), (1054, 533), (504, 496)]"
1778,280002.5,"[(47, 373), (14, 387), (15, 408), (127, 479), (224, 528), (317, 571), (536, 661), (576, 671), (976, 657), (973, 637), (990, 592), (994, 587), (990, 578), (1001, 576), (1029, 577), (1016, 558), (1017, 546), (1210, 531), (1211, 402), (675, 311), (537, 337), (321, 367)]"
2073,245921.5,"[(451, 326), (303, 394), (182, 447), (57, 471), (15, 477), (12, 534), (341, 612), (548, 649), (703, 669), (821, 680), (943, 681), (953, 575), (906, 572), (896, 546), (924, 536), (1118, 520), (1094, 491), (1067, 446), (1058, 427), (1052, 409), (1034, 387)]"
2463,256420.0,"[(116, 373), (4, 515), (6, 622), (571, 592), (913, 581), (1054, 572), (1198, 560), (1192, 513), (964, 417), (833, 369), (748, 338), (663, 314), (596, 292), (534, 307), (400, 337)]"
1624,174787.0,"[(397, 387), (260, 424), (191, 442), (101, 464), (36, 467), (4, 473), (4, 526), (376, 593), (723, 634), (778, 645), (755, 612), (763, 598), (1105, 577), (1106, 559), (1054, 520), (1030, 490), (991, 442), (984, 432)]"
403,92017.0,"[(223, 509), (130, 556), (71, 571), (42, 575), (20, 576), (20, 608), (249, 612), (608, 606), (875, 595), (1077, 583), (1139, 576), (1209, 570), (1207, 560), (1103, 547), (1043, 538), (832, 518), (760, 498)]"
359,78021.5,"[(301, 513), (215, 528), (153, 546), (112, 551), (52, 561), (18, 560), (17, 602), (317, 596), (569, 595), (888, 582), (1007, 578), (1178, 562), (1204, 561), (1209, 548), (1125, 535), (1021, 524), (781, 509)]"
588,77739.5,"[(351, 491), (261, 505), (129, 517), (3, 534), (2, 565), (142, 568), (359, 577), (473, 576), (630, 575), (782, 572), (1130, 564), (1196, 560), (1197, 536), (1118, 522), (960, 513), (890, 505), (832, 495)]"
2272,215267.5,"[(341, 339), (271, 373), (176, 436), (112, 486), (53, 537), (12, 578), (8, 696), (268, 648), (641, 585), (837, 545), (994, 518), (1101, 495), (869, 368), (739, 373), (454, 349), (420, 334)]"
1948,159224.5,"[(302, 383), (257, 475), (400, 496), (400, 496), (420, 503), (434, 621), (608, 600), (732, 584), (951, 538), (1154, 479), (1197, 465), (1182, 442), (1113, 428), (1059, 424), (1025, 411), (955, 393), (872, 361), (851, 352), (821, 336), (790, 327)]"
2064,250339.0,"[(377, 392), (248, 477), (125, 539), (99, 547), (68, 564), (181, 565), (187, 580), (194, 663), (337, 675), (848, 694), (1020, 684), (1209, 674), (1212, 601), (1141, 573), (1043, 510), (977, 442), (941, 403)]"
1545,182015.5,"[(368, 363), (267, 407), (200, 438), (92, 468), (42, 479), (13, 486), (9, 541), (364, 563), (583, 570), (1015, 559), (1138, 554), (1141, 541), (1209, 536), (1202, 495), (1147, 479), (1059, 457), (1012, 432), (933, 393), (892, 370)]"
1343,175197.0,"[(219, 436), (164, 552), (386, 596), (593, 628), (686, 614), (910, 570), (996, 550), (1108, 523), (1163, 502), (1205, 493), (1208, 441), (1113, 435), (1012, 420), (888, 397), (829, 379), (788, 371), (756, 366)]"
98,82534.5,"[(200, 512), (165, 557), (57, 575), (23, 579), (27, 621), (311, 618), (524, 607), (761, 586), (910, 572), (1052, 559), (1185, 542), (1214, 537), (806, 513), (698, 509)]"
1169,134474.0,"[(583, 477), (17, 494), (14, 525), (313, 576), (661, 622), (902, 647), (1209, 678), (1209, 625), (1149, 594), (1142, 584), (1143, 556), (1146, 531), (1147, 518)]"
2306,200443.0,"[(534, 353), (402, 399), (293, 445), (225, 483), (122, 538), (42, 590), (11, 634), (166, 644), (526, 625), (757, 613), (1011, 615), (1113, 602), (979, 425), (715, 394), (586, 361)]"
2474,179768.5,"[(99, 417), (299, 568), (320, 584), (372, 634), (659, 580), (972, 525), (1093, 488), (1186, 480), (1043, 439), (846, 390), (706, 364), (637, 348), (606, 340), (537, 328), (456, 313), (390, 327), (348, 355)]"
28,94358.5,"[(137, 572), (129, 611), (46, 643), (67, 707), (466, 653), (923, 586), (1195, 524), (691, 532), (586, 527)]"
1522,195684.0,"[(340, 387), (216, 439), (101, 479), (19, 497), (21, 569), (354, 585), (641, 596), (964, 593), (1118, 587), (1212, 582), (1210, 515), (1085, 476), (1011, 449), (932, 402), (900, 389)]"
511,66530.5,"[(369, 518), (258, 531), (100, 543), (8, 551), (6, 586), (234, 591), (474, 589), (701, 586), (1140, 569), (1196, 566), (1196, 541), (1068, 532), (923, 524), (806, 521)]"
1052,65166.5,"[(503, 446), (53, 456), (202, 488), (448, 516), (616, 532), (819, 548), (1049, 568), (1210, 580), (1210, 544), (930, 502), (893, 475)]"
2162,269443.0,"[(485, 358), (345, 411), (286, 419), (118, 465), (48, 473), (15, 477), (7, 577), (116, 624), (356, 719), (414, 736), (446, 742), (708, 694), (853, 671), (966, 652), (993, 581), (1037, 566), (1064, 553), (1109, 559), (1108, 480)]"
1899,130012.0,"[(613, 320), (272, 471), (264, 514), (436, 522), (571, 524), (723, 519), (820, 522), (1000, 524), (1083, 522), (1110, 475), (1134, 416), (1137, 388), (1140, 369), (1085, 361), (1042, 357), (999, 363), (903, 362)]"
2438,267143.0,"[(457, 326), (416, 327), (385, 344), (325, 363), (204, 388), (6, 433), (28, 735), (490, 639), (687, 593), (1011, 525), (1163, 490), (1200, 477), (1162, 462), (891, 401), (808, 377), (721, 360), (599, 342), (544, 332), (501, 324)]"
1327,177180.0,"[(202, 439), (215, 451), (213, 481), (260, 496), (267, 508), (414, 525), (418, 544), (438, 556), (452, 614), (747, 645), (1071, 525), (1130, 502), (1206, 463), (1204, 420), (1119, 414), (1075, 406), (1004, 400), (688, 351)]"
506,74546.0,"[(302, 530), (4, 554), (6, 611), (234, 616), (377, 607), (630, 612), (1028, 597), (1140, 592), (1200, 594), (1202, 564), (776, 544)]"
1723,268099.5,"[(452, 370), (291, 404), (47, 452), (7, 450), (9, 546), (132, 583), (398, 641), (589, 658), (676, 701), (751, 710), (1195, 629), (1200, 587), (1135, 458)]"
1911,127600.0,"[(411, 472), (428, 522), (422, 589), (669, 607), (770, 609), (1046, 618), (1088, 621), (1197, 476), (1151, 455), (986, 455), (652, 391)]"
1252,230904.5,"[(121, 396), (118, 422), (265, 455), (260, 473), (322, 481), (353, 581), (357, 627), (638, 652), (1067, 514), (1147, 470), (1210, 438), (1208, 364), (1050, 346), (842, 327), (681, 312), (673, 312)]"
2015,243975.5,"[(360, 362), (193, 471), (103, 506), (24, 534), (9, 538), (13, 593), (185, 617), (336, 632), (807, 639), (992, 632), (1207, 615), (1207, 567), (1118, 529), (1061, 503), (1037, 488), (903, 366)]"
1483,194986.0,"[(305, 419), (216, 485), (156, 529), (8, 581), (6, 626), (202, 634), (415, 627), (638, 612), (709, 607), (708, 600), (945, 587), (1054, 582), (1199, 559), (1200, 495), (1091, 470), (1024, 448), (863, 392)]"
2411,180660.5,"[(28, 489), (20, 520), (29, 605), (8, 654), (437, 641), (1115, 620), (1202, 621), (1205, 571), (1188, 541), (1194, 508), (1146, 497), (763, 476), (509, 474), (334, 476)]"
2363,193112.0,"[(110, 465), (78, 499), (4, 532), (9, 559), (352, 636), (584, 683), (864, 739), (1088, 784), (1107, 734), (1064, 690), (1045, 620), (1090, 598), (1163, 607), (1185, 598), (1188, 573), (884, 529), (745, 508), (608, 486), (279, 462), (147, 458)]"
305,75604.0,"[(275, 489), (148, 530), (87, 533), (14, 548), (12, 585), (331, 585), (513, 576), (789, 564), (963, 559), (1103, 550), (1208, 538), (1202, 528), (742, 496)]"
1849,168938.5,"[(164, 504), (154, 561), (326, 584), (598, 616), (785, 630), (807, 639), (811, 648), (869, 663), (1107, 528), (1127, 512), (1166, 481), (1115, 452), (1045, 451), (952, 440), (895, 439), (787, 409), (623, 363)]"
311,70981.5,"[(299, 522), (234, 544), (187, 547), (71, 566), (9, 573), (12, 609), (344, 605), (428, 602), (641, 597), (733, 596), (1116, 569), (1204, 555), (1126, 548), (931, 534), (739, 517)]"
1450,165566.0,"[(225, 413), (147, 497), (132, 512), (130, 544), (226, 554), (464, 557), (497, 607), (837, 568), (1077, 520), (1158, 506), (1193, 497), (1197, 452), (1043, 428), (887, 395), (768, 357)]"
517,64728.0,"[(432, 541), (4, 570), (7, 586), (337, 610), (595, 615), (828, 620), (931, 618), (1105, 618), (1201, 611), (1195, 592), (1007, 574), (857, 548)]"
2402,184870.5,"[(5, 476), (10, 492), (249, 658), (541, 598), (768, 555), (932, 521), (1082, 489), (1191, 471), (1116, 426), (1092, 408), (1087, 383), (1032, 369), (983, 368), (913, 373), (668, 383), (408, 413)]"
702,93660.0,"[(346, 515), (243, 545), (140, 560), (43, 573), (24, 573), (25, 608), (289, 615), (524, 621), (677, 618), (1026, 613), (1219, 608), (1212, 578), (1099, 564), (951, 537), (883, 519)]"
1296,202960.0,"[(167, 393), (159, 437), (142, 522), (146, 534), (636, 604), (845, 553), (1057, 503), (1149, 466), (1209, 449), (1202, 391), (1112, 385), (1028, 377), (723, 313)]"
2006,247143.0,"[(327, 415), (254, 485), (183, 541), (105, 580), (11, 615), (13, 668), (169, 677), (462, 692), (733, 682), (1104, 651), (1206, 640), (1206, 570), (1099, 534), (1034, 513), (874, 402)]"
1731,245375.0,"[(511, 304), (388, 333), (216, 363), (27, 379), (1, 383), (5, 446), (165, 510), (354, 563), (542, 608), (642, 631), (845, 606), (998, 585), (1160, 566), (1140, 542), (1123, 408)]"
2417,89499.0,"[(47, 480), (31, 500), (36, 556), (11, 594), (16, 611), (1205, 621), (1182, 599)]"
1122,86670.0,"[(175, 518), (686, 496), (1127, 534), (1129, 582), (1184, 607), (1218, 616), (1213, 663), (717, 609), (285, 549)]"
1687,259641.5,"[(438, 384), (166, 437), (14, 458), (13, 548), (258, 611), (621, 670), (843, 711), (933, 715), (1210, 651), (1211, 623), (1139, 576), (1117, 528), (1077, 485), (1066, 448)]"
444,99895.5,"[(209, 540), (109, 602), (7, 624), (12, 664), (289, 652), (515, 644), (928, 623), (1109, 605), (1210, 598), (1205, 570), (773, 543), (760, 533)]"
2426,166947.5,"[(101, 473), (71, 484), (51, 496), (57, 520), (34, 552), (11, 563), (8, 579), (879, 653), (1099, 658), (1176, 677), (1166, 642), (1163, 616), (1167, 572), (1174, 560), (1166, 537), (1164, 517), (1051, 488), (722, 481), (403, 468)]"
1649,190042.0,"[(28, 477), (14, 479), (10, 504), (91, 538), (248, 567), (490, 600), (646, 626), (654, 611), (899, 596), (907, 648), (1010, 661), (1199, 610), (1203, 593), (1127, 560), (1099, 531), (1033, 435), (466, 385), (203, 452)]"
1933,210995.0,"[(199, 407), (190, 441), (193, 468), (187, 544), (653, 657), (885, 598), (989, 574), (1163, 505), (1205, 492), (1198, 448), (1089, 433), (1037, 425), (985, 411), (745, 328)]"
1516,183244.5,"[(362, 382), (182, 473), (110, 497), (14, 521), (22, 565), (202, 571), (461, 573), (693, 570), (917, 571), (1060, 561), (1150, 558), (1210, 552), (1210, 474), (1076, 449), (1009, 412), (938, 388), (916, 370)]"
1304,185002.0,"[(194, 403), (146, 477), (117, 520), (331, 563), (548, 598), (823, 561), (1053, 508), (1213, 463), (1213, 416), (1083, 405), (959, 376), (864, 364), (791, 338), (760, 333)]"
34,73668.0,"[(236, 506), (188, 535), (140, 540), (34, 564), (12, 558), (12, 605), (276, 597), (539, 574), (953, 540), (1036, 535), (1182, 502), (702, 486)]"
453,90365.0,"[(262, 545), (102, 602), (52, 602), (11, 615), (8, 647), (214, 641), (463, 643), (773, 647), (1044, 639), (1200, 632), (1197, 609), (1045, 587), (886, 571), (788, 547)]"
2357,195184.5,"[(96, 440), (41, 465), (39, 495), (12, 510), (7, 560), (357, 598), (788, 633), (1122, 654), (1197, 664), (1199, 485), (1044, 468), (833, 451), (505, 438)]"
1919,232059.0,"[(253, 414), (215, 521), (189, 577), (564, 693), (692, 662), (846, 635), (994, 598), (1065, 582), (1155, 551), (1198, 537), (1202, 464), (1098, 442), (1054, 427), (1005, 416), (879, 372), (828, 352), (803, 337)]"
241,65434.0,"[(230, 505), (10, 538), (14, 600), (339, 582), (574, 570), (771, 558), (886, 550), (982, 542), (1185, 521), (1007, 514), (709, 502)]"
1702,305133.0,"[(562, 352), (348, 386), (144, 409), (0, 447), (14, 534), (121, 587), (435, 709), (616, 772), (937, 737), (939, 665), (956, 613), (968, 572), (1034, 555), (1034, 536), (1179, 518), (1186, 469)]"
2236,287218.5,"[(524, 337), (333, 416), (194, 492), (110, 544), (13, 604), (17, 743), (228, 714), (542, 671), (808, 630), (1049, 591), (1192, 570), (1206, 567), (1211, 509), (952, 363), (807, 365), (690, 362)]"
1059,91387.5,"[(19, 490), (32, 504), (370, 569), (663, 611), (913, 641), (1118, 665), (1136, 599), (1079, 569), (1073, 539), (620, 503)]"
1267,175285.5,"[(206, 426), (121, 550), (96, 567), (429, 632), (857, 559), (1082, 505), (1203, 477), (1198, 440), (1144, 433), (1121, 431), (1028, 425), (876, 394), (754, 371)]"
2168,226709.5,"[(22, 436), (4, 476), (99, 550), (282, 664), (314, 677), (499, 658), (704, 649), (883, 625), (1046, 614), (1111, 612), (1094, 543), (1117, 510), (588, 356), (338, 414), (187, 433)]"
136,125712.5,"[(37, 542), (36, 602), (13, 618), (16, 685), (558, 643), (968, 602), (1121, 578), (1212, 560), (1201, 534), (858, 531), (622, 509)]"
650,77201.5,"[(432, 519), (189, 540), (9, 547), (9, 570), (376, 593), (658, 607), (977, 612), (1202, 611), (1199, 578), (1039, 553), (979, 538), (908, 524)]"
644,73310.5,"[(363, 491), (294, 504), (64, 537), (18, 542), (20, 566), (233, 571), (726, 576), (984, 564), (1210, 561), (1207, 537), (1029, 523), (973, 513), (834, 494)]"
1887,187114.0,"[(766, 394), (387, 416), (303, 420), (175, 399), (138, 396), (79, 409), (50, 563), (186, 569), (260, 555), (553, 596), (1074, 661), (1194, 672), (1198, 623), (786, 390)]"
1893,155910.0,"[(169, 556), (221, 587), (1076, 556), (1094, 559), (1111, 578), (1188, 590), (1193, 514), (1182, 436), (1177, 406), (1111, 407), (1103, 395), (1039, 401), (1007, 406), (600, 362)]"
1878,164298.0,"[(676, 411), (302, 456), (124, 452), (66, 473), (91, 561), (105, 599), (551, 623), (1086, 641), (1081, 560), (695, 408)]"
2434,127988.5,"[(159, 445), (139, 487), (70, 516), (821, 680), (1044, 520), (944, 503), (636, 462), (517, 447), (252, 432), (214, 435)]"
1288,179637.5,"[(224, 503), (217, 534), (309, 560), (511, 564), (519, 700), (753, 719), (1154, 562), (1214, 523), (1210, 457), (1013, 456), (712, 400)]"
2030,212569.5,"[(359, 363), (269, 450), (211, 497), (127, 532), (66, 548), (33, 569), (294, 569), (298, 622), (705, 620), (1018, 596), (1211, 570), (1209, 517), (1058, 474), (1023, 457), (874, 348)]"
913,94376.5,"[(463, 487), (166, 508), (18, 512), (14, 528), (310, 570), (718, 610), (905, 615), (1095, 622), (1207, 625), (1204, 591), (1066, 561), (1032, 542), (970, 510)]"
906,78827.0,"[(448, 510), (243, 530), (74, 533), (16, 535), (18, 556), (435, 595), (791, 610), (958, 620), (1115, 618), (1209, 624), (1209, 593), (1013, 558), (924, 526)]"
1538,208481.5,"[(326, 410), (257, 448), (174, 492), (107, 528), (22, 549), (28, 572), (68, 588), (69, 606), (81, 619), (514, 626), (802, 626), (1142, 608), (1211, 599), (1211, 517), (1131, 504), (1072, 471), (1035, 457), (987, 435), (950, 419), (915, 406)]"
709,85235.0,"[(418, 546), (290, 561), (146, 576), (30, 587), (12, 585), (9, 603), (291, 633), (533, 635), (751, 645), (892, 652), (1149, 655), (1203, 651), (1206, 620), (1093, 604), (1039, 587), (929, 557)]"
1458,187860.0,"[(262, 405), (154, 483), (66, 527), (6, 549), (10, 617), (354, 612), (703, 594), (794, 583), (785, 554), (806, 539), (1129, 520), (1141, 537), (1198, 523), (1187, 472), (1003, 441), (937, 407), (823, 370)]"
2145,225036.0,"[(604, 328), (374, 376), (228, 404), (175, 409), (62, 415), (29, 408), (13, 424), (10, 487), (98, 550), (175, 602), (235, 635), (904, 595), (1059, 583), (1049, 489), (1052, 466), (1070, 451)]"
1114,77322.5,"[(511, 477), (43, 496), (497, 568), (850, 608), (1205, 638), (1206, 609), (1045, 575), (991, 537), (981, 524)]"
1855,214608.5,"[(146, 403), (142, 447), (233, 468), (255, 558), (702, 658), (1008, 567), (1204, 469), (1128, 443), (1060, 431), (973, 419), (937, 405), (854, 374), (681, 307)]"
1869,182609.0,"[(86, 427), (34, 456), (137, 619), (979, 643), (966, 558), (992, 505), (693, 384), (320, 437)]"
1739,239031.0,"[(17, 424), (10, 486), (573, 724), (846, 701), (843, 672), (851, 618), (845, 554), (890, 546), (1115, 531), (1121, 517), (1169, 505), (1175, 466), (600, 356), (250, 415)]"
246,72089.0,"[(244, 525), (4, 559), (5, 619), (378, 609), (706, 588), (918, 573), (1156, 552), (1201, 547), (1201, 539), (705, 524)]"
865,75606.5,"[(499, 462), (9, 483), (216, 515), (783, 574), (1038, 583), (1209, 596), (1212, 562), (1067, 536), (979, 497), (953, 494)]"
859,80767.0,"[(503, 488), (256, 504), (99, 510), (22, 523), (477, 571), (748, 588), (1029, 604), (1211, 614), (1212, 560), (1130, 550), (1068, 532), (988, 508)]"
1473,192097.0,"[(197, 446), (141, 526), (95, 581), (13, 618), (232, 670), (350, 663), (343, 613), (610, 614), (634, 633), (1202, 520), (1202, 473), (1101, 459), (988, 438), (768, 390)]"
695,89078.5,"[(314, 504), (147, 544), (36, 570), (6, 565), (6, 602), (207, 600), (483, 605), (776, 598), (1050, 593), (1204, 583), (1206, 558), (914, 529), (806, 505)]"
2344,197124.0,"[(9, 494), (13, 653), (589, 623), (1204, 557), (1198, 489), (1166, 463), (1144, 440), (1100, 417), (570, 446), (356, 450)]"
1825,119892.5,"[(298, 481), (315, 523), (305, 554), (768, 593), (955, 617), (996, 620), (1170, 482), (1129, 465), (952, 458), (655, 392)]"
2451,249041.5,"[(8, 522), (574, 607), (853, 639), (1200, 687), (1206, 562), (987, 443), (835, 361), (714, 314), (572, 329), (423, 349), (291, 358), (281, 355)]"
2337,165476.0,"[(1, 531), (35, 731), (576, 627), (757, 593), (1020, 538), (1129, 522), (1013, 483), (999, 457), (941, 444), (713, 452), (352, 484)]"
1602,229435.0,"[(6, 461), (10, 528), (493, 607), (746, 626), (1035, 654), (1203, 659), (1205, 552), (1132, 504), (1078, 456), (1040, 416), (428, 371), (198, 428)]"
1616,200396.0,"[(377, 385), (165, 460), (74, 482), (17, 486), (15, 553), (112, 552), (277, 565), (400, 564), (415, 600), (730, 617), (987, 622), (1203, 621), (1207, 547), (1092, 506), (1059, 472), (947, 402)]"
1399,321400.0,"[(633, 307), (323, 355), (199, 366), (7, 372), (8, 480), (73, 527), (254, 627), (393, 698), (402, 703), (1011, 682), (1005, 641), (1025, 546), (1083, 532), (1084, 524), (1187, 504), (1196, 487), (1192, 465), (1198, 458)]"
1762,232607.5,"[(481, 383), (190, 446), (138, 450), (0, 464), (1, 521), (170, 575), (354, 615), (512, 639), (689, 680), (714, 686), (1012, 638), (1203, 602), (1143, 479), (1134, 459)]"
1978,186930.0,"[(277, 375), (199, 431), (191, 474), (127, 523), (70, 545), (11, 569), (15, 617), (285, 621), (403, 615), (603, 606), (803, 583), (920, 560), (921, 474), (941, 457), (1007, 459), (848, 393), (768, 342)]"
2040,227038.5,"[(339, 329), (232, 403), (159, 457), (63, 484), (7, 509), (12, 564), (505, 609), (701, 607), (846, 604), (933, 600), (955, 548), (1158, 536), (1138, 508), (1021, 466), (935, 381), (887, 336)]"
1373,281077.0,"[(123, 424), (162, 659), (497, 624), (669, 595), (750, 592), (767, 596), (794, 612), (1101, 639), (1142, 471), (1149, 427), (1108, 354), (1102, 319), (918, 318), (804, 330), (665, 323), (531, 314)]"
2108,158996.0,"[(556, 348), (345, 410), (170, 449), (65, 456), (25, 461), (12, 500), (92, 539), (219, 596), (425, 670), (544, 710), (598, 699), (602, 505), (679, 491), (913, 461), (1081, 434)]"
1429,182806.5,"[(230, 419), (150, 515), (106, 548), (25, 570), (27, 644), (385, 614), (772, 570), (1071, 521), (1214, 484), (1218, 446), (1037, 434), (865, 404), (781, 376)]"
2136,263395.0,"[(497, 330), (358, 371), (179, 417), (72, 425), (10, 426), (7, 500), (168, 580), (375, 660), (524, 699), (543, 712), (1078, 617), (1057, 529), (1067, 487), (1065, 452)]"
197,114107.5,"[(118, 500), (105, 562), (54, 582), (14, 585), (18, 630), (462, 610), (727, 601), (935, 574), (1117, 561), (1208, 549), (1206, 520), (996, 502), (850, 497), (724, 490), (705, 481)]"
1007,93086.0,"[(452, 494), (372, 513), (285, 516), (75, 538), (5, 528), (8, 542), (186, 574), (538, 592), (652, 616), (921, 626), (1033, 631), (1168, 624), (1201, 634), (1200, 606), (1110, 581), (1065, 564), (1004, 517)]"
2296,281977.5,"[(331, 299), (198, 385), (105, 463), (9, 555), (10, 673), (11, 746), (294, 679), (503, 635), (655, 601), (807, 570), (959, 537), (1066, 513), (1183, 497), (910, 339), (658, 341), (489, 334)]"
1562,206685.5,"[(323, 407), (225, 464), (148, 512), (64, 542), (20, 547), (13, 610), (237, 607), (275, 629), (480, 625), (1082, 607), (1207, 595), (1209, 523), (1101, 487), (1067, 471), (906, 400)]"
2043,208607.5,"[(452, 362), (337, 425), (229, 483), (133, 499), (75, 530), (68, 547), (130, 558), (400, 604), (556, 622), (792, 629), (958, 633), (1124, 631), (1205, 628), (1207, 562), (1124, 535), (1059, 503), (1029, 464), (1008, 447), (950, 392), (940, 380)]"
747,93561.5,"[(360, 536), (305, 548), (197, 572), (124, 585), (23, 597), (22, 622), (195, 630), (479, 639), (824, 639), (990, 628), (1102, 631), (1209, 624), (1213, 592), (1076, 575), (1014, 558), (945, 546), (901, 539)]"
1416,367748.0,"[(114, 303), (70, 370), (61, 429), (78, 555), (123, 678), (162, 749), (450, 665), (508, 620), (542, 623), (559, 612), (753, 639), (1129, 672), (1143, 522), (1157, 493), (1170, 425), (728, 289)]"
2123,282659.0,"[(11, 413), (7, 535), (255, 697), (1154, 625), (1131, 508), (579, 330), (210, 409)]"
800,71625.5,"[(71, 507), (837, 585), (1210, 601), (1210, 539), (1137, 530), (1067, 515), (1023, 503), (546, 482)]"
145,94599.0,"[(199, 499), (144, 557), (13, 586), (13, 620), (563, 596), (889, 581), (1163, 565), (1208, 558), (1206, 531), (841, 510), (748, 493)]"
637,76094.5,"[(304, 522), (176, 547), (37, 567), (15, 569), (15, 605), (451, 614), (588, 609), (792, 612), (941, 603), (1057, 607), (1185, 597), (1207, 591), (1209, 573), (793, 541)]"
582,79220.0,"[(273, 516), (191, 534), (34, 556), (3, 562), (4, 608), (491, 604), (761, 598), (939, 592), (1074, 584), (1151, 580), (1197, 576), (1198, 558), (766, 524)]"
2293,237873.0,"[(59, 489), (367, 576), (547, 629), (833, 705), (1043, 760), (1069, 727), (1138, 630), (1179, 568), (1195, 546), (1198, 484), (888, 405), (862, 392), (827, 367), (789, 358), (577, 385)]"
965,99346.0,"[(11, 526), (15, 550), (316, 590), (663, 624), (989, 642), (1172, 653), (1206, 651), (1206, 619), (1101, 590), (1015, 558), (996, 532), (459, 501), (322, 515)]"
1201,125500.5,"[(33, 490), (21, 516), (63, 530), (353, 573), (718, 619), (982, 639), (1132, 656), (1212, 662), (1213, 615), (1134, 577), (1127, 535), (1131, 517), (554, 466), (343, 487)]"
795,59515.0,"[(51, 480), (451, 532), (681, 556), (892, 569), (1043, 576), (1170, 581), (1205, 584), (1200, 536), (920, 494), (509, 480)]"
1639,213325.5,"[(379, 400), (155, 480), (59, 508), (13, 510), (8, 576), (202, 606), (255, 615), (326, 609), (430, 616), (517, 625), (530, 638), (634, 637), (701, 647), (1140, 659), (1204, 662), (1205, 583), (1139, 560), (1113, 546), (1067, 521), (1030, 495), (998, 471), (975, 452), (950, 431)]"
2495,232915.5,"[(376, 371), (197, 514), (353, 555), (664, 625), (920, 675), (1105, 720), (1203, 744), (1198, 550), (1163, 518), (1127, 487), (1091, 460), (1019, 403), (964, 369), (894, 337), (768, 354), (545, 375)]"
352,86099.0,"[(226, 544), (124, 600), (19, 618), (4, 620), (9, 654), (280, 648), (578, 631), (795, 625), (984, 601), (1188, 582), (1201, 580), (1191, 561), (970, 556), (830, 549), (745, 536)]"
1834,228878.5,"[(248, 407), (237, 466), (230, 525), (217, 589), (297, 614), (569, 680), (759, 632), (960, 570), (1143, 493), (1208, 466), (1207, 412), (1003, 394), (847, 344), (756, 315)]"
2454,227261.5,"[(11, 440), (152, 693), (731, 584), (959, 548), (1166, 507), (1199, 498), (890, 417), (810, 397), (743, 380), (675, 367), (630, 365), (454, 334), (393, 349), (279, 388)]"
90,80744.0,"[(136, 544), (130, 591), (42, 623), (32, 651), (157, 654), (400, 628), (777, 584), (1038, 545), (1087, 518), (593, 511)]"
998,92845.5,"[(437, 502), (289, 524), (141, 525), (36, 544), (5, 567), (248, 591), (704, 614), (1012, 627), (1207, 623), (1191, 588), (1051, 566), (983, 537), (932, 523)]"
740,91349.0,"[(287, 516), (169, 549), (121, 562), (20, 576), (8, 607), (313, 614), (668, 614), (930, 605), (1076, 603), (1207, 592), (1204, 576), (1079, 558), (955, 534), (882, 522), (816, 512)]"
754,79328.5,"[(416, 493), (297, 509), (143, 529), (16, 541), (14, 547), (398, 574), (862, 587), (1143, 587), (1212, 586), (1209, 560), (1074, 530), (949, 502), (935, 491)]"
2093,229649.5,"[(465, 405), (251, 472), (186, 489), (119, 493), (37, 508), (0, 515), (0, 569), (157, 623), (238, 655), (479, 726), (531, 745), (576, 769), (1011, 666), (1043, 663), (1022, 552), (1003, 520), (999, 512)]"
2050,217548.5,"[(415, 327), (354, 358), (311, 379), (248, 408), (115, 453), (44, 476), (23, 481), (26, 510), (53, 532), (151, 539), (587, 599), (1093, 608), (1203, 607), (1176, 552), (1057, 510), (1018, 488), (968, 441), (925, 342)]"
2252,232040.5,"[(410, 358), (323, 403), (192, 467), (65, 562), (7, 591), (3, 705), (125, 685), (514, 643), (930, 597), (1189, 562), (923, 401), (722, 403)]"
594,72573.5,"[(11, 507), (14, 525), (542, 567), (879, 581), (1138, 586), (1206, 584), (1205, 555), (1025, 528), (937, 511), (888, 497), (433, 486)]"
1955,225402.0,"[(320, 399), (238, 488), (187, 539), (81, 571), (26, 597), (3, 624), (4, 635), (433, 662), (595, 643), (962, 624), (1116, 583), (1202, 569), (1208, 521), (1064, 504), (1004, 462), (966, 441), (901, 404), (855, 380), (830, 366)]"
1969,256759.5,"[(269, 362), (224, 442), (172, 515), (115, 556), (6, 608), (7, 653), (350, 647), (781, 609), (1072, 555), (1206, 517), (1197, 455), (1088, 435), (1024, 415), (1000, 398), (956, 379), (811, 318)]"
1160,105494.5,"[(492, 489), (0, 518), (3, 538), (120, 556), (346, 588), (624, 608), (923, 632), (1153, 648), (1200, 647), (1204, 608), (1088, 571), (1059, 555), (1039, 527)]"
